,reserve,energy
0,0.0,-1.6782461668930568
1,0.0,-1.6782461668865367
2,0.0,-1.6782461668809119
3,0.0,-1.6782461668809119
