,reserve,energy
0,8.327736708152347,-1.6782462138345142
1,8.327736708152345,-1.6782462138345142
