,reserve,energy
0,0.0,-1.6782463307720366
1,0.0,-1.6782463307720366
