,reserve,energy
0,7.910151450212626,-1.6782462370388749
1,7.91015145030763,-1.6782462370377123
2,7.910151280773336,-1.6782462438027883
3,7.910151280773334,-1.6782462438027883
