,reserve,energy
0,7.171107838777562,-1.6782462906210291
1,7.171107838787558,-1.6782462906212503
2,7.171107838817173,-1.6782462906216242
3,7.171107838817172,-1.6782462906216242
